mtg1,2016.11.29.12.07.21
mtg1,2016.11.29.12.09.03
amit1,2016.11.29.12.10.43
amit1,2016.11.29.12.13.30
vasu2,2016.11.29.12.14.59
vasu2,2016.11.29.12.17.32
vasu2,2016.11.29.12.24.16
vasu2,2016.11.29.13.19.55
mtg1,2016.11.29.13.23.26
mtg1,2016.11.29.13.24.15
mtg1,2016.11.29.13.26.04
vasu2,2016.11.29.15.24.31
vasu2,2016.11.29.15.25.16
vasu2,2016.11.29.15.26.07
vasu2,2016.11.29.15.28.13
vasu2,2016.11.29.15.30.06
mtg1,2016.11.29.15.32.54
vasu2,2016.11.29.15.33.22
mtg1,2016.11.29.15.33.44
mtg1,2016.11.29.15.39.37
vasu2,2016.11.29.15.42.15
vasu2,2016.11.29.15.42.59
vasu2,2016.11.29.15.46.05
vasu2,2016.11.29.15.49.07
vasu2,2016.11.29.15.50.03
vasu2,2016.11.29.15.50.46
vasu2,2016.11.29.15.51.25
vasu2,2016.11.29.15.52.29
vasu2,2016.11.29.15.54.56
vasu2,2016.11.29.15.55.39
vasu2,2016.11.29.15.55.56
vasu2,2016.11.29.16.00.54
vasu2,2016.11.29.16.12.30
vasu2,2016.11.29.16.12.40
vasu2,2016.11.29.16.13.56
vasu2,2016.11.29.16.14.22
vasu2,2016.11.29.16.27.39
mtg1,2016.11.29.16.43.25
mtg1,2016.11.29.16.44.27
mtg1,2016.11.29.16.45.10
mtg1,2016.11.29.16.45.31
mtg1,2016.11.29.16.45.43
mtg1,2016.11.29.16.46.30
vasu2,2016.11.29.16.46.41
mtg1,2016.11.29.17.00.54
vasu2,2016.11.29.17.02.41
mtg1,2016.11.29.17.02.52
amit2,2016.11.29.17.04.25
amit2,2016.11.29.17.05.11
amit2,2016.11.29.17.06.35
amit2,2016.11.29.17.06.48
vasu4,2016.11.29.17.07.31
mtg1,2016.11.29.17.09.10
vasu4,2016.11.29.17.09.56
vasu4,2016.11.29.17.10.16
amit2,2016.11.29.17.10.35
vasu4,2016.11.29.17.11.05
mtg1,2016.11.29.17.11.45
vasu4,2016.11.29.17.12.37
mtg1,2016.11.29.17.13.47
mtg1,2016.11.29.17.14.06
